{
  "profiles": [
    {
      "person_id": 1,
      "name": "小明",
      "descriptor": [
        0.022811,
        -0.030498,
        -0.001437,
        0.038016,
        -0.049045,
        0.001144,
        -0.015846,
        0.007789,
        -0.02229,
        0.027336,
        -0.156736,
        0.01654,
        0.024326,
        -0.048791,
        -0.046173,
        -0.041097,
        -0.006696,
        -0.029431,
        0.059866,
        -0.016359,
        -0.032193,
        0.035961,
        -0.019651,
        0.041192,
        0.052478,
        0.04351,
        -0.078937,
        0.006202,
        -0.061337,
        -0.0299,
        -0.025071,
        0.001351,
        0.043161,
        -0.03373,
        0.108989,
        0.014545,
        0.025666,
        0.014024,
        0.018528,
        0.053261,
        -0.024441,
        -0.005284,
        -0.015796,
        0.034927,
        -0.019144,
        0.016216,
        -0.055408,
        -0.007553,
        0.023382,
        0.018988,
        0.038071,
        0.075083,
        -0.075608,
        0.013967,
        -0.085658,
        -0.099795,
        -0.030053,
        -0.021046,
        -0.038934,
        -0.048142,
        0.017526,
        -0.038341,
        0.074209,
        0.028348,
        -0.015997,
        -0.031644,
        -0.059384,
        -0.017344,
        -0.034844,
        0.003489,
        -0.00646,
        -0.00219,
        -0.089158,
        -0.020206,
        -0.060748,
        0.026638,
        -0.013887,
        -0.075201,
        0.045596,
        0.039428,
        0.066036,
        -0.021292,
        -0.036917,
        -0.008542,
        -0.05444,
        0.019,
        -0.04173,
        -0.007411,
        -0.06619,
        0.009972,
        0.047063,
        0.047047,
        0.009445,
        -0.01416,
        0.028435,
        -0.027537,
        0.051333,
        0.005372,
        -0.049955,
        0.076029,
        0.035142,
        0.067404,
        -0.061747,
        -0.009042,
        -0.008002,
        -0.012167,
        0.013005,
        -0.010633,
        -0.076904,
        0.010385,
        0.009431,
        -0.038732,
        0.004883,
        0.039109,
        0.005404,
        0.045966,
        -0.033177,
        0.097222,
        0.043059,
        0.021935,
        -0.050037,
        -0.014532,
        -0.003618,
        0.005787,
        0.050013,
        -0.057835,
        -0.024913,
        -0.003672,
        -0.071163,
        -0.032465,
        0.019737,
        0.028635,
        -0.010632,
        0.046577,
        0.015102,
        0.052896,
        0.021348,
        -0.019704,
        0.041988,
        0.062523,
        -0.009832,
        -0.011895,
        -0.016731,
        -0.033418,
        -0.008645,
        0.025315,
        0.074006,
        -0.004454,
        0.011631,
        -0.084444,
        -0.097471,
        0.031507,
        0.027064,
        -0.040667,
        -0.024949,
        -0.016833,
        0.041153,
        0.011987,
        -0.093497,
        -0.019315,
        0.071299,
        -0.048295,
        -0.024853,
        0.112367,
        -0.082232,
        -0.014144,
        -0.040759,
        -0.044278,
        -1e-06,
        -0.053468,
        0.014218,
        -0.000386,
        -0.076215,
        -0.016287,
        -0.029959,
        0.007396,
        0.052746,
        0.02937,
        -0.009353,
        0.041434,
        -0.004266,
        0.016307,
        -0.083911,
        0.011374,
        0.014719,
        -0.039002,
        -0.004598,
        0.015234,
        0.083312,
        -0.013189,
        -0.069948,
        0.028057,
        0.05505,
        0.011339,
        0.008277,
        -0.059443,
        0.054405,
        -0.016548,
        -0.000578,
        -0.098409,
        -0.019359,
        -0.010227,
        -0.072885,
        -0.023997,
        -0.028188,
        0.040596,
        0.010023,
        0.007743,
        -0.026667,
        0.037391,
        0.032604,
        -0.034722,
        -0.042322,
        -0.011514,
        -0.058187,
        -0.013668,
        0.025552,
        -0.009221,
        -0.027822,
        0.047594,
        -0.006556,
        0.044435,
        0.050569,
        -0.007466,
        -0.104146,
        0.024565,
        0.020696,
        0.032166,
        -0.066064,
        -0.029645,
        -0.039841,
        0.012851,
        -0.009572,
        0.056466,
        0.049824,
        0.048086,
        -0.014793,
        -0.035593,
        -0.031726,
        0.001515,
        -0.005897,
        -0.046412,
        0.008384,
        -0.014182,
        0.033043,
        0.027235,
        -0.043254,
        -0.013617,
        -9e-06,
        -0.034203,
        -0.080681,
        0.008543,
        0.053346,
        0.028158,
        -0.091228,
        0.011225,
        -0.033698,
        -0.063439,
        0.038202,
        -0.028983,
        0.024209,
        -0.019395,
        0.007507,
        -0.023625,
        0.053382,
        0.03551,
        0.002164,
        0.005467,
        0.025966,
        0.034118,
        -0.078292,
        -0.04212,
        0.018073,
        -0.058877,
        -0.01356,
        0.016092,
        -0.032489,
        0.032809,
        -0.000644,
        0.015621,
        0.028664,
        0.084658,
        0.01826,
        0.057014,
        0.024025,
        0.004655,
        0.010983,
        0.030555,
        0.056073,
        0.059294,
        -0.026304,
        -0.017716,
        -0.00653,
        -0.031734,
        -0.059044,
        -0.058975,
        0.110644,
        -0.015346,
        -0.008169,
        -0.107907,
        0.00932,
        -0.047985,
        0.067635,
        -0.075827,
        -0.016188,
        0.001862,
        -0.0454,
        0.007331,
        0.040904,
        0.052458,
        0.002451,
        0.105629,
        0.032856,
        -0.027317,
        0.005204,
        -0.023751,
        -0.075895,
        0.010818,
        -0.107477,
        0.040434,
        -0.0312,
        -0.015585,
        0.001458,
        -0.090028,
        0.042641,
        0.043045,
        0.057537,
        -0.080778,
        -0.047828,
        -0.02556,
        -0.066064,
        0.031608,
        -0.020251,
        0.02977,
        -0.020912,
        -0.018219,
        0.041185,
        0.028759,
        0.016884,
        -0.033812,
        0.02654,
        -0.07217,
        -0.009112,
        -0.003767,
        -0.048701,
        -0.008256,
        0.036863,
        -0.015737,
        -0.007504,
        -0.027126,
        -0.000337,
        0.047295,
        -0.026645,
        0.033456,
        -0.005187,
        0.046405,
        -0.009256,
        0.100876,
        0.043087,
        0.058647,
        -0.08347,
        -0.032624,
        0.092312,
        0.053966,
        0.016112,
        0.018177,
        0.004941,
        0.017728,
        -0.01804,
        -0.05159,
        -0.067376,
        0.057471,
        -0.022449,
        0.025601,
        0.08698,
        -0.071814,
        -0.00817,
        -0.021665,
        0.013926,
        -0.038363,
        -0.022685,
        0.022352,
        0.00258,
        0.037306,
        0.033912,
        -0.076648,
        -0.015239,
        0.036849,
        -0.001244,
        0.00532,
        -0.024723,
        -0.026567,
        -0.013541,
        -0.101268,
        0.008459,
        0.062339,
        -0.021363,
        0.014462,
        -0.052618,
        0.069981,
        -0.069715,
        0.031878,
        -0.032491,
        -0.009389,
        0.042995,
        0.074159,
        0.034005,
        0.063709,
        -0.011349,
        0.056947,
        -0.027911,
        0.006619,
        -0.000801,
        0.086496,
        -0.071057,
        -0.004523,
        0.04263,
        0.02025,
        -0.009381,
        0.06164,
        -0.027835,
        0.005742,
        -0.036794,
        -0.072248,
        -0.071318,
        -0.002421,
        0.042828,
        0.021024,
        -0.106317,
